"ENSG","SNP_ot","Chromosome","Position","rho","SNP.assessed.allele","qvalue_ot","SNP_cs","ETA","qvalue_cs","cell_type_ot","cell_type_cs"
"ENSG00000101057","rs390076",20,42309916,-0.449,"G",1.358e-45,"chr20:43717567:T:G:b38",0.545014256135573,1.65229034807313e-06,"B_IN","B"
"ENSG00000103187","rs934166",16,84631300,0.184,"G",1.091e-05,"chr16:84316396:C:T:b38",0.814808968565621,1.54723321336442e-47,"B_IN","B"
"ENSG00000112139","rs9349050",6,37663624,-0.313,"C",5.909e-21,"chr6:37695848:T:C:b38",0.0219161588773825,3.16586654236893e-08,"B_IN","B"
"ENSG00000124587","rs9471972",6,42915021,0.233,"A",3.173e-11,"chr6:42957194:A:G:b38",3.90150356515521,0.00131240654654739,"B_IN","B"
"ENSG00000130332","rs12976273",19,2326902,0.31,"A",2.969e-19,"chr19:2355430:C:A:b38",2.59875939442199,7.78803211744598e-06,"B_IN","B"
"ENSG00000135318","rs6942065",6,86168265,-0.312,"A",9.223e-21,"chr6:85458547:G:A:b38",0.189803501193099,5.65614051761354e-07,"B_IN","B"
"ENSG00000136573","rs2409780",8,11337587,-0.319,"C",3.931e-21,"chr8:11480078:T:C:b38",0.589709256375722,6.84133195239038e-13,"B_IN","B"
"ENSG00000143297","rs11264761",1,157513804,0.651,"A",1.753e-114,"chr1:157545764:G:A:b38",2.77682886611245,8.14139283182647e-06,"B_IN","B"
"ENSG00000160856","rs2210913",1,157668993,0.344,"T",7.388e-25,"chr1:157699203:C:T:b38",2.39735539932165,7.24861894410974e-05,"B_IN","B"
"ENSG00000161011","rs74583177",5,179280775,-0.204,"C",2.676e-07,"chr5:180176337:C:T:b38",0.779654093018735,0.001178141621206,"B_IN","B"
"ENSG00000165716","rs9411221",9,139622646,0.2,"A",2.289e-07,"chr9:136714590:C:T:b38",0.159769100122822,9.00918196689374e-15,"B_IN","B"
"ENSG00000166441","rs61875926",11,8705528,-0.285,"G",4.476e-16,"chr11:9092591:G:A:b38",0.563053869732102,3.09231059037233e-11,"B_IN","B"
"ENSG00000170889","rs158366",19,54705317,-0.515,"G",7.159e-63,"chr19:54190114:A:G:b38",0.72577779655028,1.23936995616991e-16,"B_IN","B"
"ENSG00000179344","rs1130034",6,32605274,-0.453,"C",2.095e-47,"chr6:32660921:C:T:b38",0.130791658351576,3.59841864945626e-15,"B_IN","B"
"ENSG00000214087","rs7503637",17,79649515,-0.295,"A",3.459e-18,"chr17:81667132:T:G:b38",0.103835474075633,6.47785253597463e-05,"B_IN","B"
"ENSG00000241106","rs2857111",6,32783365,-0.161,"C",3.384e-05,"chr6:32814828:C:T:b38",0.756792211936904,0.000122418976032875,"B_IN","B"
"ENSG00000247982","rs2248534",15,57597961,0.294,"G",1.451e-17,"chr15:57302735:A:T:b38",0.707116240171271,5.81288463288694e-15,"B_IN","B"
"ENSG00000011007","rs519202",1,24045820,0.199,"T",9.19e-07,"chr1:23559108:T:C:b38",0.436296393581218,9.38653281001247e-08,"B_Mem","B"
"ENSG00000051523","rs13306296",16,88717957,-0.172,"A",0.0001078,"chr16:88640860:T:A:b38",1.78499267688093,0.000623614309607642,"B_Mem","B"
"ENSG00000101057","rs390076",20,42309916,-0.313,"G",5.295e-20,"chr20:43717567:T:G:b38",0.545014256135573,1.65229034807313e-06,"B_Mem","B"
"ENSG00000112139","rs6938061",6,37674339,-0.317,"G",1.975e-21,"chr6:37695848:T:C:b38",0.0219161588773825,3.16586654236893e-08,"B_Mem","B"
"ENSG00000124587","rs3805946",6,42955749,0.153,"C",0.0001103,"chr6:42957194:A:G:b38",3.90150356515521,0.00131240654654739,"B_Mem","B"
"ENSG00000130332","rs11084936",19,2346440,0.252,"A",5.069e-12,"chr19:2355430:C:A:b38",2.59875939442199,7.78803211744598e-06,"B_Mem","B"
"ENSG00000135318","rs9362213",6,86136407,-0.264,"A",1.545e-14,"chr6:85458547:G:A:b38",0.189803501193099,5.65614051761354e-07,"B_Mem","B"
"ENSG00000136573","rs2736336",8,11341870,-0.402,"T",1.715e-35,"chr8:11480078:T:C:b38",0.589709256375722,6.84133195239038e-13,"B_Mem","B"
"ENSG00000143297","rs11264761",1,157513804,0.341,"A",5.123e-24,"chr1:157545764:G:A:b38",2.77682886611245,8.14139283182647e-06,"B_Mem","B"
"ENSG00000160856","rs2210913",1,157668993,0.155,"T",0.001544,"chr1:157699203:C:T:b38",2.39735539932165,7.24861894410974e-05,"B_Mem","B"
"ENSG00000160991","rs11444",7,102066873,-0.182,"C",1.034e-05,"chr7:102424608:G:A:b38",0.356493898775657,0.000104034194360712,"B_Mem","B"
"ENSG00000161011","rs2241349",5,179260009,-0.206,"A",2.048e-07,"chr5:180176337:C:T:b38",0.779654093018735,0.001178141621206,"B_Mem","B"
"ENSG00000162511","rs12736883",1,31241312,-0.16,"A",0.0007036,"chr1:30346599:A:G:b38",1.00037297939949,3.69619116702092e-207,"B_Mem","B"
"ENSG00000166441","rs61875926",11,8705528,-0.274,"G",9.462e-15,"chr11:9092591:G:A:b38",0.563053869732102,3.09231059037233e-11,"B_Mem","B"
"ENSG00000170889","rs3810232",19,54704760,-0.485,"C",4.328e-54,"chr19:54190114:A:G:b38",0.72577779655028,1.23936995616991e-16,"B_Mem","B"
"ENSG00000179344","rs9272553",6,32607008,-0.352,"T",8.001e-27,"chr6:32660921:C:T:b38",0.130791658351576,3.59841864945626e-15,"B_Mem","B"
"ENSG00000204287","rs62404579",6,32376019,-0.131,"T",0.002344,"chr6:32712863:T:A:b38",1.04558070135431,5.64068719904163e-05,"B_Mem","B"
"ENSG00000214087","rs7503637",17,79649515,-0.261,"A",7.26e-14,"chr17:81667132:T:G:b38",0.103835474075633,6.47785253597463e-05,"B_Mem","B"
"ENSG00000247982","rs2248534",15,57597961,0.255,"G",1.762e-12,"chr15:57302735:A:T:b38",0.707116240171271,5.81288463288694e-15,"B_Mem","B"
"ENSG00000035115","rs7595075",2,264019,-0.844,"A",5.923e-261,"chr2:264019:C:A:b38",0.384259433896401,8.00900730717926e-27,"CD4_NC","CD4T"
"ENSG00000099940","rs73162844",22,21211220,0.381,"C",3.014e-32,"chr22:20892269:C:T:b38",0.219365851438217,2.3770874271656e-10,"CD4_NC","CD4T"
"ENSG00000112139","rs12530135",6,37612100,-0.46,"C",4.134e-49,"chr6:37695848:T:C:b38",0.0299948400110435,9.0998633441094e-26,"CD4_NC","CD4T"
"ENSG00000115687","rs3815296",2,242050546,-0.56,"G",9.159e-79,"chr2:241116196:A:G:b38",0.27299617985848,2.08830115697409e-34,"CD4_NC","CD4T"
"ENSG00000116983","rs784600",1,40139553,0.346,"T",9.743e-26,"chr1:39673881:C:T:b38",1.93078198132976,5.69310933779066e-14,"CD4_NC","CD4T"
"ENSG00000131634","rs2294624",16,1586255,0.377,"A",4.481e-31,"chr16:1583871:G:A:b38",1.90370384399575,4.17908694766413e-06,"CD4_NC","CD4T"
"ENSG00000134202","rs1332018",1,110282972,0.736,"T",2.109e-161,"chr1:109753667:T:C:b38",17.0511542526803,4.97931181617136e-08,"CD4_NC","CD4T"
"ENSG00000152219","rs10835653",11,30347828,-0.436,"C",1.686e-43,"chr11:30323336:G:C:b38",0.178864229180514,0.00275224463448839,"CD4_NC","CD4T"
"ENSG00000154134","rs11219822",11,124746644,0.393,"C",2.136e-34,"chr11:124876748:A:C:b38",2.60867719307006,0.00109616510190655,"CD4_NC","CD4T"
"ENSG00000157978","rs6701596",1,25889917,-0.467,"C",1.631e-50,"chr1:25569035:G:A:b38",1.47608720478678,3.29010193391947e-19,"CD4_NC","CD4T"
"ENSG00000159445","rs7542137",1,151868892,0.352,"T",8.077e-27,"chr1:151877596:A:G:b38",2.17996329517423,1.88238260388531e-13,"CD4_NC","CD4T"
"ENSG00000160284","rs62215189",21,47603995,-0.624,"G",1.165e-102,"chr21:46179262:T:C:b38",0.00645837910064581,8.25524101244341e-08,"CD4_NC","CD4T"
"ENSG00000160310","rs11910707",21,48042513,0.513,"T",8.7e-64,"chr21:46452668:C:T:b38",0.364409992901811,3.56802927235931e-06,"CD4_NC","CD4T"
"ENSG00000160593","rs10892230",11,118126682,0.417,"A",2.253e-39,"chr11:118218719:C:A:b38",2.3029718659656,8.57341349748623e-06,"CD4_NC","CD4T"
"ENSG00000164530","rs2177845",6,36915094,0.522,"T",5.692e-66,"chr6:36948178:G:A:b38",2.20766353115754,8.30725708896816e-14,"CD4_NC","CD4T"
"ENSG00000166441","rs61875926",11,8705528,-0.375,"G",6.215e-31,"chr11:8807947:C:G:b38",0.808726607714148,2.36792361051075e-14,"CD4_NC","CD4T"
"ENSG00000168824","rs55731118",4,4350915,0.659,"T",1.252e-119,"chr4:4348013:G:T:b38",18.9063215305471,6.91391447125863e-19,"CD4_NC","CD4T"
"ENSG00000170486","rs627826",12,53026125,-0.429,"C",1.358e-41,"chr12:52644008:C:T:b38",0.0836064486062463,5.96307355347992e-21,"CD4_NC","CD4T"
"ENSG00000170889","rs158366",19,54705317,-0.64,"G",2.065e-109,"chr19:54133127:G:A:b38",0.32603537312102,5.69310933779066e-14,"CD4_NC","CD4T"
"ENSG00000173917","rs12450225",17,46592413,0.595,"G",3.896e-92,"chr17:48530455:C:T:b38",0.203290732089736,5.18988655196228e-09,"CD4_NC","CD4T"
"ENSG00000184898","rs67303849",2,152096613,-0.531,"T",5.251e-69,"chr2:151294502:G:A:b38",0.291089900988569,2.28987686551528e-06,"CD4_NC","CD4T"
"ENSG00000186470","rs67509210",6,26354100,-0.499,"T",2.889e-59,"chr6:26377699:T:C:b38",0.135644406100754,2.84175306114836e-09,"CD4_NC","CD4T"
"ENSG00000203485","rs76386715",14,105171208,-0.364,"T",1.102e-28,"chr14:104697090:C:T:b38",0.398937944768275,1.5288856327772e-07,"CD4_NC","CD4T"
"ENSG00000245954","rs13140099",4,153022375,-0.695,"A",1.216e-138,"chr4:152107255:G:T:b38",0.104060122404025,1.18369465966442e-54,"CD4_NC","CD4T"
"ENSG00000254682","rs12807827",11,71203790,0.501,"C",4.497e-60,"chr11:71459771:C:T:b38",2.59783744999409,0.00194820733618962,"CD4_NC","CD4T"
"ENSG00000270127","rs36053285",15,101114640,-0.465,"C",5.576e-50,"chr15:100569613:G:A:b38",3.3179334993863,2.13181471664977e-18,"CD4_NC","CD4T"
"ENSG00000035115","rs7595075",2,264019,-0.644,"A",1.003e-109,"chr2:264019:C:A:b38",0.384259433896401,8.00900730717926e-27,"CD4_ET","CD4T"
"ENSG00000064012","rs13016963",2,202162811,0.219,"G",3.731e-09,"chr2:201300114:A:C:b38",2.96984408887848,4.24879010817954e-22,"CD4_ET","CD4T"
"ENSG00000099940","rs1978098",22,21288871,0.22,"C",2.75e-09,"chr22:20892269:C:T:b38",0.219365851438217,2.3770874271656e-10,"CD4_ET","CD4T"
"ENSG00000107281","rs10747042",9,139938606,0.227,"C",7.707e-10,"chr9:137067011:T:G:b38",0.097343247607911,5.12224494107803e-10,"CD4_ET","CD4T"
"ENSG00000111863","rs210902",6,11725469,0.161,"G",5.635e-05,"chr6:11761242:C:T:b38",0.547508124623074,3.65637893569956e-05,"CD4_ET","CD4T"
"ENSG00000112139","rs6458011",6,37660867,-0.172,"T",8.911e-06,"chr6:37695848:T:C:b38",0.0299948400110435,9.0998633441094e-26,"CD4_ET","CD4T"
"ENSG00000115687","rs3815296",2,242050546,-0.422,"G",6.875e-40,"chr2:241116196:A:G:b38",0.27299617985848,2.08830115697409e-34,"CD4_ET","CD4T"
"ENSG00000131634","rs12599859",16,1577184,0.24,"G",6.779e-11,"chr16:1583871:G:A:b38",1.90370384399575,4.17908694766413e-06,"CD4_ET","CD4T"
"ENSG00000134202","rs4970777",1,110283785,0.406,"T",2.772e-35,"chr1:109753667:T:C:b38",17.0511542526803,4.97931181617136e-08,"CD4_ET","CD4T"
"ENSG00000152219","rs2065941",11,30363220,-0.228,"C",8.593e-10,"chr11:30323336:G:C:b38",0.178864229180514,0.00275224463448839,"CD4_ET","CD4T"
"ENSG00000154134","rs11219821",11,124741772,0.179,"T",1.33e-05,"chr11:124876748:A:C:b38",2.60867719307006,0.00109616510190655,"CD4_ET","CD4T"
"ENSG00000157978","rs61776822",1,25885592,-0.307,"A",7.706e-19,"chr1:25569035:G:A:b38",1.47608720478678,3.29010193391947e-19,"CD4_ET","CD4T"
"ENSG00000158747","rs12408663",1,19968058,-0.199,"C",4.994e-07,"chr1:19579737:G:A:b38",0.227119768942705,0.000251876661942907,"CD4_ET","CD4T"
"ENSG00000159445","rs2087549",1,151834188,0.228,"T",1.226e-09,"chr1:151877596:A:G:b38",2.17996329517423,1.88238260388531e-13,"CD4_ET","CD4T"
"ENSG00000160284","rs62215189",21,47603995,-0.303,"G",3.66e-19,"chr21:46179262:T:C:b38",0.00645837910064581,8.25524101244341e-08,"CD4_ET","CD4T"
"ENSG00000160310","rs11910707",21,48042513,0.332,"T",1.687e-23,"chr21:46452668:C:T:b38",0.364409992901811,3.56802927235931e-06,"CD4_ET","CD4T"
"ENSG00000160593","rs2298831",11,118068752,0.231,"C",4.059e-10,"chr11:118218719:C:A:b38",2.3029718659656,8.57341349748623e-06,"CD4_ET","CD4T"
"ENSG00000164530","rs734905",6,36927763,0.241,"A",9.262e-12,"chr6:36948178:G:A:b38",2.20766353115754,8.30725708896816e-14,"CD4_ET","CD4T"
"ENSG00000164587","rs2569106",5,149805130,-0.195,"C",6.999e-07,"chr5:150446963:C:T:b38",0.340656795994189,6.97438898205795e-11,"CD4_ET","CD4T"
"ENSG00000166441","rs61875926",11,8705528,-0.25,"G",4.423e-12,"chr11:8807947:C:G:b38",0.808726607714148,2.36792361051075e-14,"CD4_ET","CD4T"
"ENSG00000168824","rs55731118",4,4350915,0.376,"T",5.875e-31,"chr4:4348013:G:T:b38",18.9063215305471,6.91391447125863e-19,"CD4_ET","CD4T"
"ENSG00000170889","rs158366",19,54705317,-0.549,"G",1.469e-73,"chr19:54133127:G:A:b38",0.32603537312102,5.69310933779066e-14,"CD4_ET","CD4T"
"ENSG00000173917","rs11079826",17,46597048,0.376,"T",2.264e-31,"chr17:48530455:C:T:b38",0.203290732089736,5.18988655196228e-09,"CD4_ET","CD4T"
"ENSG00000182809","rs4983411",14,105916797,0.228,"A",1.035e-09,"chr14:105486987:C:T:b38",8.40910523066324,1.75774372293033e-05,"CD4_ET","CD4T"
"ENSG00000183283","rs7305016",12,51642543,-0.194,"G",1.478e-06,"chr12:50865907:G:A:b38",0.795979269174096,7.45079625731985e-05,"CD4_ET","CD4T"
"ENSG00000184009","rs7503278",17,79479808,0.233,"T",1.109e-10,"chr17:81528493:C:T:b38",0.885825990446514,0.000100139809689879,"CD4_ET","CD4T"
"ENSG00000184898","rs289904",2,152085643,0.264,"C",5.276e-14,"chr2:151294502:G:A:b38",0.291089900988569,2.28987686551528e-06,"CD4_ET","CD4T"
"ENSG00000186468","rs226205",5,81593654,0.238,"T",6.131e-11,"chr5:82278363:C:T:b38",0.401325951821145,0.000605671839503307,"CD4_ET","CD4T"
"ENSG00000186470","rs67509210",6,26354100,-0.374,"T",2.899e-30,"chr6:26377699:T:C:b38",0.135644406100754,2.84175306114836e-09,"CD4_ET","CD4T"
"ENSG00000245954","rs13140099",4,153022375,-0.51,"A",1.296e-62,"chr4:152107255:G:T:b38",0.104060122404025,1.18369465966442e-54,"CD4_ET","CD4T"
"ENSG00000270127","rs35852295",15,101094174,-0.198,"T",1.156e-06,"chr15:100569613:G:A:b38",3.3179334993863,2.13181471664977e-18,"CD4_ET","CD4T"
"ENSG00000079332","rs2310991",10,71931646,-0.282,"A",4.961e-16,"chr10:69815210:T:C:b38",0.795309421903318,3.39406831782692e-07,"CD8_NC","CD8T"
"ENSG00000100299","rs6151419",22,51064915,-0.232,"A",1.397e-10,"chr22:50621621:G:A:b38",0.182287541082582,8.43248700133927e-10,"CD8_NC","CD8T"
"ENSG00000107771","rs57190292",10,86269259,-0.361,"T",8.136e-28,"chr10:84483712:A:G:b38",0.363214997991084,0.000716057928465277,"CD8_NC","CD8T"
"ENSG00000112139","rs9349050",6,37663624,-0.272,"C",3.877e-15,"chr6:37701865:G:A:b38",0.00513194274691557,6.30578674452904e-21,"CD8_NC","CD8T"
"ENSG00000134202","rs1332018",1,110282972,0.555,"T",1.231e-73,"chr1:109728612:G:C:b38",12.3121028175927,0.0026984024868833,"CD8_NC","CD8T"
"ENSG00000160593","rs12289120",11,118066609,0.265,"T",4.052e-14,"chr11:118225281:G:C:b38",5.9097356851041,3.61404688021371e-10,"CD8_NC","CD8T"
"ENSG00000166441","rs61875926",11,8705528,-0.276,"G",1.896e-15,"chr11:9108600:A:G:b38",0.767666089437394,3.56911932605609e-10,"CD8_NC","CD8T"
"ENSG00000167526","rs12932337",16,89630630,-0.423,"T",8.631e-40,"chr16:89561052:T:G:b38",0.583564239817934,0.00241661427509342,"CD8_NC","CD8T"
"ENSG00000170889","rs34629529",19,54701846,-0.604,"A",9.756e-94,"chr19:54321595:T:C:b38",0.797046831342818,4.7195894509203e-11,"CD8_NC","CD8T"
"ENSG00000172057","rs17608925",17,38082831,-0.38,"C",5.124e-32,"chr17:39747477:C:T:b38",2.94608100714936,0.000797864307088562,"CD8_NC","CD8T"
"ENSG00000172543","rs596002",11,65645354,0.671,"G",1.581e-124,"chr11:65885771:C:T:b38",0.140667995866615,1.95775886306426e-30,"CD8_NC","CD8T"
"ENSG00000179344","rs9272557",6,32607048,-0.316,"C",6.295e-21,"chr6:32665309:G:C:b38",0.160142083443765,0.000506857926067617,"CD8_NC","CD8T"
"ENSG00000183172","rs133370",22,42465260,0.88,"C",0,"chr22:42070976:A:T:b38",7.28430588627871,8.98139046952789e-05,"CD8_NC","CD8T"
"ENSG00000186470","rs67509210",6,26354100,-0.422,"T",5.161e-40,"chr6:26377699:T:C:b38",0.00193340326903743,1.54292123257178e-13,"CD8_NC","CD8T"
"ENSG00000206503","rs2571389",6,29923503,0.231,"C",1.006e-10,"chr6:29945590:G:A:b38",0.0349676757702682,0.00348818509068046,"CD8_NC","CD8T"
"ENSG00000214087","rs113250157",17,79634541,-0.33,"C",1.898e-23,"chr17:81669623:A:G:b38",0.160466733596045,1.09523041278889e-20,"CD8_NC","CD8T"
"ENSG00000237945","rs734746",21,35346897,0.34,"T",5.908e-25,"chr21:33910534:T:G:b38",0.315090860982334,1.33425833124809e-08,"CD8_NC","CD8T"
"ENSG00000256039","rs61913114",12,10709389,-0.227,"G",1.106e-09,"chr12:10586559:G:T:b38",0.442030361839083,7.90929941670689e-07,"CD8_NC","CD8T"
"ENSG00000010030","rs6457910",6,36372201,0.314,"C",6.489e-21,"chr6:36396988:C:T:b38",20.6573806595446,1.15254083315035e-07,"CD8_ET","CD8T"
"ENSG00000079332","rs9971029",10,71916461,-0.323,"A",1.689e-21,"chr10:69815210:T:C:b38",0.795309421903318,3.39406831782692e-07,"CD8_ET","CD8T"
"ENSG00000100299","rs2071421",22,51064416,-0.318,"C",1.896e-21,"chr22:50621621:G:A:b38",0.182287541082582,8.43248700133927e-10,"CD8_ET","CD8T"
"ENSG00000104731","rs2290019",16,87741662,-0.257,"A",3.564e-13,"chr16:87723197:T:C:b38",0.865663699731666,7.94001678104428e-06,"CD8_ET","CD8T"
"ENSG00000107771","rs11598450",10,86126945,-0.311,"G",8.009e-20,"chr10:84483712:A:G:b38",0.363214997991084,0.000716057928465277,"CD8_ET","CD8T"
"ENSG00000112139","rs9349050",6,37663624,-0.48,"C",5.651e-54,"chr6:37701865:G:A:b38",0.00513194274691557,6.30578674452904e-21,"CD8_ET","CD8T"
"ENSG00000115956","rs10496164",2,68610120,0.352,"G",1.477e-26,"chr2:68363071:C:T:b38",0.515474114593848,2.70761340838063e-08,"CD8_ET","CD8T"
"ENSG00000134202","rs1332018",1,110282972,0.485,"T",1.876e-54,"chr1:109728612:G:C:b38",12.3121028175927,0.0026984024868833,"CD8_ET","CD8T"
"ENSG00000143185","rs141673522",1,168517508,-0.502,"T",2.254e-59,"chr1:168556009:A:G:b38",0.253570432564248,0.000172933960187216,"CD8_ET","CD8T"
"ENSG00000167526","rs3211568",16,89629780,-0.39,"A",3.211e-33,"chr16:89561052:T:G:b38",0.583564239817934,0.00241661427509342,"CD8_ET","CD8T"
"ENSG00000170889","rs158366",19,54705317,-0.638,"G",1.277e-108,"chr19:54321595:T:C:b38",0.797046831342818,4.7195894509203e-11,"CD8_ET","CD8T"
"ENSG00000172057","rs4065275",17,38080865,0.608,"G",2.803e-97,"chr17:39747477:C:T:b38",2.94608100714936,0.000797864307088562,"CD8_ET","CD8T"
"ENSG00000172543","rs596002",11,65645354,0.67,"G",1.85e-123,"chr11:65885771:C:T:b38",0.140667995866615,1.95775886306426e-30,"CD8_ET","CD8T"
"ENSG00000178607","rs2077041",17,62153231,-0.297,"C",1.683e-18,"chr17:64044427:G:T:b38",0.212425647522704,1.05722999899414e-16,"CD8_ET","CD8T"
"ENSG00000179344","rs9272426",6,32605189,-0.385,"G",1.054e-32,"chr6:32665309:G:C:b38",0.160142083443765,0.000506857926067617,"CD8_ET","CD8T"
"ENSG00000183172","rs133370",22,42465260,0.81,"C",8.084e-225,"chr22:42070976:A:T:b38",7.28430588627871,8.98139046952789e-05,"CD8_ET","CD8T"
"ENSG00000183283","rs10876154",12,51607890,-0.282,"T",3.141e-16,"chr12:51374813:G:A:b38",0.701144561355988,7.33819625619564e-05,"CD8_ET","CD8T"
"ENSG00000186470","rs67509210",6,26354100,-0.458,"T",1.693e-48,"chr6:26377699:T:C:b38",0.00193340326903743,1.54292123257178e-13,"CD8_ET","CD8T"
"ENSG00000198858","rs11546307",19,875389,0.356,"A",1.457e-26,"chr19:984682:C:G:b38",1.60387080728799,0,"CD8_ET","CD8T"
"ENSG00000206503","rs9260043",6,29907740,0.28,"G",1.918e-16,"chr6:29945590:G:A:b38",0.0349676757702682,0.00348818509068046,"CD8_ET","CD8T"
"ENSG00000214087","rs61065803",17,79638049,-0.418,"C",1.031e-39,"chr17:81669623:A:G:b38",0.160466733596045,1.09523041278889e-20,"CD8_ET","CD8T"
"ENSG00000237945","rs9977699",21,35350902,-0.321,"T",3.051e-22,"chr21:33910534:T:G:b38",0.315090860982334,1.33425833124809e-08,"CD8_ET","CD8T"
"ENSG00000251301","rs731938",12,68843191,0.61,"G",2.858e-96,"chr12:68451756:A:G:b38",4.44549407995202,6.98977173458265e-33,"CD8_ET","CD8T"
"ENSG00000107771","rs57190292",10,86269259,-0.168,"T",0.0003595,"chr10:84483712:A:G:b38",0.363214997991084,0.000716057928465277,"CD8_S100B","CD8T"
"ENSG00000112139","rs10755699",6,37625562,-0.125,"T",0.004187,"chr6:37701865:G:A:b38",0.00513194274691557,6.30578674452904e-21,"CD8_S100B","CD8T"
"ENSG00000115956","rs12622659",2,68646279,0.183,"A",8.474e-06,"chr2:68363071:C:T:b38",0.515474114593848,2.70761340838063e-08,"CD8_S100B","CD8T"
"ENSG00000134202","rs4540683",1,110270908,0.262,"G",1.557e-12,"chr1:109728612:G:C:b38",12.3121028175927,0.0026984024868833,"CD8_S100B","CD8T"
"ENSG00000143185","rs12046909",1,168507463,0.161,"T",0.0009232,"chr1:168556009:A:G:b38",0.253570432564248,0.000172933960187216,"CD8_S100B","CD8T"
"ENSG00000166441","rs61875926",11,8705528,-0.169,"G",0.000128,"chr11:9108600:A:G:b38",0.767666089437394,3.56911932605609e-10,"CD8_S100B","CD8T"
"ENSG00000167526","rs364343",16,89612638,-0.362,"A",3.552e-26,"chr16:89561052:T:G:b38",0.583564239817934,0.00241661427509342,"CD8_S100B","CD8T"
"ENSG00000170889","rs158366",19,54705317,-0.475,"G",2.301e-51,"chr19:54321595:T:C:b38",0.797046831342818,4.7195894509203e-11,"CD8_S100B","CD8T"
"ENSG00000172543","rs596002",11,65645354,0.529,"G",4.837e-66,"chr11:65885771:C:T:b38",0.140667995866615,1.95775886306426e-30,"CD8_S100B","CD8T"
"ENSG00000178607","rs196904",17,62119555,0.193,"T",8.296e-07,"chr17:64044427:G:T:b38",0.212425647522704,1.05722999899414e-16,"CD8_S100B","CD8T"
"ENSG00000179344","rs28383322",6,32592796,0.212,"T",3.252e-09,"chr6:32665309:G:C:b38",0.160142083443765,0.000506857926067617,"CD8_S100B","CD8T"
"ENSG00000183172","rs4147641",22,42482502,-0.696,"G",1.322e-138,"chr22:42070976:A:T:b38",7.28430588627871,8.98139046952789e-05,"CD8_S100B","CD8T"
"ENSG00000183283","rs7305016",12,51642543,-0.156,"G",0.002115,"chr12:51374813:G:A:b38",0.701144561355988,7.33819625619564e-05,"CD8_S100B","CD8T"
"ENSG00000186470","rs67509210",6,26354100,-0.322,"T",5.517e-22,"chr6:26377699:T:C:b38",0.00193340326903743,1.54292123257178e-13,"CD8_S100B","CD8T"
"ENSG00000198858","rs2930901",19,886945,0.158,"G",0.00172,"chr19:984682:C:G:b38",1.60387080728799,0,"CD8_S100B","CD8T"
"ENSG00000206503","rs7747253",6,29919779,0.18,"A",1.533e-06,"chr6:29945590:G:A:b38",0.0349676757702682,0.00348818509068046,"CD8_S100B","CD8T"
"ENSG00000214087","rs7503637",17,79649515,-0.212,"A",1.587e-08,"chr17:81669623:A:G:b38",0.160466733596045,1.09523041278889e-20,"CD8_S100B","CD8T"
"ENSG00000237945","rs8130507",21,35303960,0.182,"C",2.585e-06,"chr21:33910534:T:G:b38",0.315090860982334,1.33425833124809e-08,"CD8_S100B","CD8T"
"ENSG00000251301","rs731938",12,68843191,0.206,"G",4.468e-07,"chr12:68451756:A:G:b38",4.44549407995202,6.98977173458265e-33,"CD8_S100B","CD8T"
"ENSG00000256039","rs2417745",12,10715012,0.173,"T",0.0001674,"chr12:10586559:G:T:b38",0.442030361839083,7.90929941670689e-07,"CD8_S100B","CD8T"
"ENSG00000002933","rs6464100",7,150477909,-0.745,"A",3.01e-167,"chr7:150766382:C:G:b38",0.0604953975528046,9.41603680340291e-08,"Mono_C","Monocyte"
"ENSG00000019169","rs13425622",2,119707051,-0.296,"G",8.137e-17,"chr2:118949475:T:G:b38",0.174613819129162,1.00745153657711e-05,"Mono_C","Monocyte"
"ENSG00000025708","rs361725",22,50971047,0.296,"C",1.113e-17,"chr22:50525111:G:C:b38",1.4679069236759,1.06788595477592e-05,"Mono_C","Monocyte"
"ENSG00000034510","rs890617",2,85083503,-0.151,"C",0.003632,"chr2:84900082:C:T:b38",0.618176561648273,8.29345274116253e-05,"Mono_C","Monocyte"
"ENSG00000060982","rs11047695",12,25051596,0.166,"C",0.0002317,"chr12:24899250:C:T:b38",1.49538875545986,2.27404017366567e-06,"Mono_C","Monocyte"
"ENSG00000067836","rs2290562",16,4853816,0.386,"A",1.475e-29,"chr16:4803815:G:A:b38",1.9216462833715,1.14749747858554e-06,"Mono_C","Monocyte"
"ENSG00000071246","rs1861425",14,77191198,-0.238,"T",1.055e-09,"chr14:76727627:T:C:b38",0.176086582445353,2.71153594073922e-17,"Mono_C","Monocyte"
"ENSG00000100079","rs5756736",22,37970189,-0.744,"A",1.269e-165,"chr22:37574182:G:A:b38",0.00526254588036965,5.55592831049572e-27,"Mono_C","Monocyte"
"ENSG00000101307","rs2253427",20,1552430,-0.392,"C",6.819e-33,"chr20:1561323:C:T:b38",1.42033023098152,2.06670184956372e-46,"Mono_C","Monocyte"
"ENSG00000102575","rs78934187",19,11695690,0.232,"G",1.919e-09,"chr19:11584875:A:G:b38",2.97699958008659,3.57743537491193e-05,"Mono_C","Monocyte"
"ENSG00000103196","rs8057721",16,84848592,0.162,"C",0.0005358,"chr16:84912242:T:C:b38",0.727965011520991,7.24439820451505e-38,"Mono_C","Monocyte"
"ENSG00000106066","rs11971828",7,29188870,-0.215,"A",2.85e-08,"chr7:29153130:A:G:b38",0.695123765486816,5.1245327910843e-05,"Mono_C","Monocyte"
"ENSG00000107798","rs1412445",10,91002804,0.352,"T",1.577e-23,"chr10:89243088:C:T:b38",1.83559339595169,2.47697525886834e-12,"Mono_C","Monocyte"
"ENSG00000110628","rs1048047",11,2924610,-0.157,"A",0.001886,"chr11:2904344:C:A:b38",0.458268911758873,8.41133261486767e-45,"Mono_C","Monocyte"
"ENSG00000112303","rs6936594",6,133075288,-0.154,"C",0.0001452,"chr6:132752994:G:A:b38",0.456769345670607,6.83076370572359e-69,"Mono_C","Monocyte"
"ENSG00000120708","rs6882087",5,135335579,-0.166,"G",0.0006308,"chr5:135997817:G:A:b38",0.568096681639581,4.16383299460878e-06,"Mono_C","Monocyte"
"ENSG00000127954","rs10266002",7,87968189,0.198,"A",7.526e-07,"chr7:88275596:A:G:b38",0.653653560663857,6.08359423533894e-68,"Mono_C","Monocyte"
"ENSG00000128283","rs2076087",22,37960365,0.225,"A",1.93e-09,"chr22:37564718:G:T:b38",0.220882534980592,1.57425228848124e-11,"Mono_C","Monocyte"
"ENSG00000137393","rs1886248",6,18399394,-0.269,"T",1.21e-14,"chr6:18396086:C:T:b38",0.777995973985646,1.06976999707746e-09,"Mono_C","Monocyte"
"ENSG00000138744","rs17287042",4,76825139,0.216,"G",3e-08,"chr4:75933953:A:C:b38",0.487799289507104,2.70749661546592e-05,"Mono_C","Monocyte"
"ENSG00000141698","rs7208062",17,39988601,-0.309,"T",6.235e-20,"chr17:41830402:G:A:b38",0.184212667524371,4.9053266764941e-08,"Mono_C","Monocyte"
"ENSG00000142089","rs34481144",11,320836,-0.385,"T",8.407e-31,"chr11:316349:G:A:b38",2.45816390367645,1.14787812969844e-56,"Mono_C","Monocyte"
"ENSG00000149577","rs236916",11,117089628,-0.155,"A",0.002275,"chr11:117191245:T:C:b38",2.27433483683683,5.77912469470315e-07,"Mono_C","Monocyte"
"ENSG00000151552","rs10020171",4,17511595,-0.146,"T",0.003143,"chr4:17525059:A:C:b38",0.132144697748636,9.77254221671327e-08,"Mono_C","Monocyte"
"ENSG00000154589","rs6984696",8,74855616,0.177,"C",4.939e-05,"chr8:73965116:T:C:b38",0.599271701562541,7.25657341271386e-05,"Mono_C","Monocyte"
"ENSG00000156113","rs7071160",10,79357311,0.196,"T",4.921e-06,"chr10:77552679:T:C:b38",0.246813322186101,5.29886411761442e-54,"Mono_C","Monocyte"
"ENSG00000157168","rs2466077",8,32432753,0.363,"T",1.31e-27,"chr8:32575235:G:T:b38",2.71011249491459,8.60153820111575e-11,"Mono_C","Monocyte"
"ENSG00000158825","rs72650813",1,20935986,0.316,"T",6.696e-20,"chr1:20597837:A:G:b38",1.53764267820588,1.40068766082166e-56,"Mono_C","Monocyte"
"ENSG00000160789","rs78261031",1,156112470,0.221,"A",8.94e-09,"chr1:156131047:C:G:b38",3.36147813880377,1.55507210631952e-12,"Mono_C","Monocyte"
"ENSG00000166527","rs12302046",12,8683721,0.19,"C",3.896e-06,"chr12:8461910:G:A:b38",0.580050316604709,3.5808343428724e-28,"Mono_C","Monocyte"
"ENSG00000167608","rs2289147",19,54652621,0.158,"A",0.00238,"chr19:54167695:A:G:b38",3.59090839358647,4.61018504814789e-22,"Mono_C","Monocyte"
"ENSG00000168234","rs4800173",18,21619931,-0.244,"G",7.958e-09,"chr18:24036415:A:G:b38",0.124651993491615,3.70660055725609e-09,"Mono_C","Monocyte"
"ENSG00000169442","rs11589222",1,26645806,0.64,"T",3.97e-107,"chr1:26372666:T:C:b38",0.0475271064584958,1.08711069106286e-09,"Mono_C","Monocyte"
"ENSG00000171051","rs3764542",19,52257673,0.281,"G",6.907e-15,"chr19:51753248:A:G:b38",1.15070837987906,8.67998618529744e-37,"Mono_C","Monocyte"
"ENSG00000171298","rs12450199",17,78076592,-0.183,"C",7.683e-06,"chr17:80089287:G:A:b38",0.429560340690095,2.40114682065102e-06,"Mono_C","Monocyte"
"ENSG00000173372","rs672693",1,22971446,0.147,"A",0.00382,"chr1:22620054:C:T:b38",0.150610976216386,9.37616085233904e-06,"Mono_C","Monocyte"
"ENSG00000177697","rs8672",11,838634,0.301,"G",2.884e-17,"chr11:833262:T:G:b38",2.86441013341548,1.08769224802336e-19,"Mono_C","Monocyte"
"ENSG00000183617","rs12459781",19,3762119,0.25,"C",2.766e-11,"chr19:3762700:C:T:b38",1.98286935768887,1.92049384947416e-06,"Mono_C","Monocyte"
"ENSG00000185201","rs10902121",11,306791,0.151,"C",0.003711,"chr11:308314:T:C:b38",0.783536412461884,2.09485743111207e-20,"Mono_C","Monocyte"
"ENSG00000196209","rs6033858",20,1447670,-0.153,"T",0.002105,"chr20:1482244:G:T:b38",0.603718534426446,4.09801709938412e-95,"Mono_C","Monocyte"
"ENSG00000197355","rs10870177",9,139987350,-0.196,"T",2.057e-06,"chr9:137075773:C:T:b38",0.134506073344996,4.81379405018819e-18,"Mono_C","Monocyte"
"ENSG00000254859","rs10103541",8,144609557,-0.193,"G",3.012e-06,"chr8:143497045:G:C:b38",0.0578751697425163,6.50890118630125e-135,"Mono_C","Monocyte"
"ENSG00000002933","rs7806458",7,150476888,-0.623,"A",3.341e-96,"chr7:150766382:C:G:b38",0.0604953975528046,9.41603680340291e-08,"Mono_NC","Monocyte"
"ENSG00000019169","rs2422391",2,119712082,-0.17,"G",0.0004702,"chr2:118949475:T:G:b38",0.174613819129162,1.00745153657711e-05,"Mono_NC","Monocyte"
"ENSG00000025708","rs361725",22,50971047,0.234,"C",1.613e-09,"chr22:50525111:G:C:b38",1.4679069236759,1.06788595477592e-05,"Mono_NC","Monocyte"
"ENSG00000060982","rs11047695",12,25051596,0.234,"C",8.114e-10,"chr12:24899250:C:T:b38",1.49538875545986,2.27404017366567e-06,"Mono_NC","Monocyte"
"ENSG00000067836","rs2290562",16,4853816,0.274,"A",2.646e-13,"chr16:4803815:G:A:b38",1.9216462833715,1.14749747858554e-06,"Mono_NC","Monocyte"
"ENSG00000071246","rs10483877",14,77182302,-0.208,"T",1.358e-06,"chr14:76727627:T:C:b38",0.176086582445353,2.71153594073922e-17,"Mono_NC","Monocyte"
"ENSG00000089127","rs11066451",12,113361443,-0.309,"A",2.128e-18,"chr12:112923312:C:T:b38",0.439830529426878,9.00307470536518e-22,"Mono_NC","Monocyte"
"ENSG00000100079","rs2281098",22,37964299,-0.251,"G",4.085e-11,"chr22:37574182:G:A:b38",0.00526254588036965,5.55592831049572e-27,"Mono_NC","Monocyte"
"ENSG00000101307","rs2253427",20,1552430,-0.395,"C",3.027e-32,"chr20:1561323:C:T:b38",1.42033023098152,2.06670184956372e-46,"Mono_NC","Monocyte"
"ENSG00000102575","rs149147675",19,11690676,0.383,"C",5.827e-30,"chr19:11584875:A:G:b38",2.97699958008659,3.57743537491193e-05,"Mono_NC","Monocyte"
"ENSG00000103187","rs2018540",16,84631268,0.181,"C",6.88e-05,"chr16:84453550:T:A:b38",0.943145895819234,5.2804395431949e-188,"Mono_NC","Monocyte"
"ENSG00000106066","rs111627020",7,29141074,-0.162,"A",0.000719,"chr7:29153130:A:G:b38",0.695123765486816,5.1245327910843e-05,"Mono_NC","Monocyte"
"ENSG00000106605","rs1181597",7,43789148,0.27,"T",2.411e-13,"chr7:43850780:A:G:b38",1.44454675801065,6.73498572027443e-05,"Mono_NC","Monocyte"
"ENSG00000107798","rs1320496",10,91002845,0.292,"T",4.062e-15,"chr10:89243088:C:T:b38",1.83559339595169,2.47697525886834e-12,"Mono_NC","Monocyte"
"ENSG00000110628","rs367035",11,2923826,-0.228,"G",7.616e-09,"chr11:2904344:C:A:b38",0.458268911758873,8.41133261486767e-45,"Mono_NC","Monocyte"
"ENSG00000112303","rs767148",6,133057794,-0.124,"C",0.006679,"chr6:132752994:G:A:b38",0.456769345670607,6.83076370572359e-69,"Mono_NC","Monocyte"
"ENSG00000137393","rs1886248",6,18399394,-0.334,"T",1.368e-22,"chr6:18396086:C:T:b38",0.777995973985646,1.06976999707746e-09,"Mono_NC","Monocyte"
"ENSG00000138744","rs9993150",4,76816881,0.272,"T",3.598e-13,"chr4:75933953:A:C:b38",0.487799289507104,2.70749661546592e-05,"Mono_NC","Monocyte"
"ENSG00000142089","rs34481144",11,320836,-0.448,"T",8.18e-43,"chr11:316349:G:A:b38",2.45816390367645,1.14787812969844e-56,"Mono_NC","Monocyte"
"ENSG00000149577","rs4938343",11,117003528,0.28,"C",2.525e-14,"chr11:117191245:T:C:b38",2.27433483683683,5.77912469470315e-07,"Mono_NC","Monocyte"
"ENSG00000152234","rs28532950",18,43706491,-0.175,"T",0.0006269,"chr18:46155215:C:T:b38",0.923495991221845,3.01507350487323e-15,"Mono_NC","Monocyte"
"ENSG00000154589","rs10957691",8,74906729,0.246,"G",1.363e-10,"chr8:73965116:T:C:b38",0.599271701562541,7.25657341271386e-05,"Mono_NC","Monocyte"
"ENSG00000156113","rs2670107",10,79318838,0.428,"C",6.766e-37,"chr10:77552679:T:C:b38",0.246813322186101,5.29886411761442e-54,"Mono_NC","Monocyte"
"ENSG00000158825","rs6704070",1,20910770,-0.398,"T",1.357e-32,"chr1:20597837:A:G:b38",1.53764267820588,1.40068766082166e-56,"Mono_NC","Monocyte"
"ENSG00000168234","rs4239439",18,21620065,-0.215,"A",1.821e-05,"chr18:24036415:A:G:b38",0.124651993491615,3.70660055725609e-09,"Mono_NC","Monocyte"
"ENSG00000169442","rs7537477",1,26618829,0.683,"T",6.967e-124,"chr1:26372666:T:C:b38",0.0475271064584958,1.08711069106286e-09,"Mono_NC","Monocyte"
"ENSG00000171051","rs4801892",19,52256501,0.381,"G",1.261e-29,"chr19:51753248:A:G:b38",1.15070837987906,8.67998618529744e-37,"Mono_NC","Monocyte"
"ENSG00000173372","rs12033074",1,22966609,0.216,"G",8.231e-08,"chr1:22620054:C:T:b38",0.150610976216386,9.37616085233904e-06,"Mono_NC","Monocyte"
"ENSG00000174791","rs1190621",11,66090307,0.231,"C",4.645e-09,"chr11:66335298:A:C:b38",0.18332842374848,1.20348107136695e-40,"Mono_NC","Monocyte"
"ENSG00000175857","rs62366403",5,57768350,-0.201,"A",2.378e-06,"chr5:58532288:T:G:b38",1.42479756712964,6.53823583850896e-11,"Mono_NC","Monocyte"
"ENSG00000177697","rs7947690",11,833589,0.421,"G",4e-37,"chr11:833262:T:G:b38",2.86441013341548,1.08769224802336e-19,"Mono_NC","Monocyte"
"ENSG00000183617","rs2302307",19,3761652,0.202,"A",1.099e-06,"chr19:3762700:C:T:b38",1.98286935768887,1.92049384947416e-06,"Mono_NC","Monocyte"
"ENSG00000185201","rs12801980",11,293188,0.291,"C",8.554e-16,"chr11:308314:T:C:b38",0.783536412461884,2.09485743111207e-20,"Mono_NC","Monocyte"
"ENSG00000186407","rs35729709",17,72649890,0.158,"C",0.0006609,"chr17:74594761:A:G:b38",1.44126660093196,4.1056341622859e-07,"Mono_NC","Monocyte"
"ENSG00000216490","rs2921",19,18288810,-0.192,"G",7.365e-06,"chr19:18172201:A:C:b38",0.788314734591082,2.08183098066394e-09,"Mono_NC","Monocyte"
"ENSG00000257923","rs712842",7,101940738,0.167,"G",0.0003111,"chr7:101689052:G:A:b38",0.810508352152635,7.07409825567321e-05,"Mono_NC","Monocyte"
"ENSG00000036448","rs79200728",8,2082753,0.27,"G",7.558e-14,"chr8:2133379:A:G:b38",7.01429687099035,2.17674279549484e-88,"NK_R","NK"
"ENSG00000064886","rs2252482",1,111759762,-0.232,"T",9.469e-09,"chr1:111223049:C:A:b38",6.37649468792448,2.21632328292622e-08,"NK_R","NK"
"ENSG00000108107","rs17700376",19,55897327,-0.551,"G",1.41e-71,"chr19:55385959:A:G:b38",0.573238728304195,0.000164030519017533,"NK_R","NK"
"ENSG00000130775","rs7356",1,28218100,-0.288,"C",1.493e-14,"chr1:27926796:C:T:b38",0.349892226957476,1.44640925469722e-14,"NK_R","NK"
"ENSG00000143185","rs141673522",1,168517508,-0.234,"T",6.262e-09,"chr1:168553875:G:A:b38",0.109862771553248,4.46565589842974e-38,"NK_R","NK"
"ENSG00000148019","rs10867165",9,80849929,-0.161,"G",0.001003,"chr9:78268797:G:C:b38",0.0807374810499967,3.70445445587981e-25,"NK_R","NK"
"ENSG00000160305","rs9306156",21,47960493,0.322,"C",4.269e-20,"chr21:46538046:T:C:b38",3.80336986328757,9.19702218737639e-50,"NK_R","NK"
"ENSG00000170889","rs3810229",19,54704997,0.309,"T",4.128e-18,"chr19:54666584:A:G:b38",0.309590970689757,4.56357150594795e-06,"NK_R","NK"
"ENSG00000172543","rs622614",11,65663239,0.21,"C",4.081e-07,"chr11:65882513:T:C:b38",2.12131113682943,6.7653554757445e-42,"NK_R","NK"
"ENSG00000185201","rs10398",11,308180,0.229,"G",5.492e-09,"chr11:386284:C:T:b38",3.73967470990443,2.86172069721586e-15,"NK_R","NK"
"ENSG00000186470","rs2072806",6,26385093,-0.206,"G",1.877e-08,"chr6:26377157:C:G:b38",0.0582392397245052,1.48998910593239e-56,"NK_R","NK"
"ENSG00000186891","rs3813201",1,1151232,-0.161,"C",0.001847,"chr1:1217251:C:A:b38",0.24981364346365,1.31846672336781e-17,"NK_R","NK"
"ENSG00000189190","rs4802995",19,53284720,0.22,"G",6.262e-08,"chr19:52780882:C:T:b38",0.219735307869001,1.69040792712371e-20,"NK_R","NK"
"ENSG00000198851","rs3759009",11,118173850,0.572,"A",5.685e-80,"chr11:118265445:G:A:b38",4.70822960942023,4.15551743738976e-14,"NK_R","NK"
"ENSG00000260708","rs710123",22,47145278,-0.169,"A",0.0002134,"chr22:46740204:C:T:b38",0.402838316645203,3.03452957130923e-05,"NK_R","NK"
"ENSG00000001561","rs7754582",6,46067273,0.249,"A",8.198e-13,"chr6:46103379:G:A:b38",1.64378934964094,2.4406877472468e-07,"NK","NK"
"ENSG00000003056","rs11494569",12,9126889,-0.355,"A",4.133e-27,"chr12:9222223:G:A:b38",0.787642653187513,2.10957044400349e-05,"NK","NK"
"ENSG00000011485","rs62136099",19,46847901,-0.376,"T",1.869e-30,"chr19:46359213:A:T:b38",0.471102456092342,1.34212444976642e-08,"NK","NK"
"ENSG00000021762","rs1562355",11,3163396,0.272,"G",4.968e-15,"chr11:3145616:C:T:b38",0.750656120268894,1.14167859091472e-05,"NK","NK"
"ENSG00000036448","rs62480001",8,2082015,0.808,"C",3.662e-221,"chr8:2133379:A:G:b38",7.01429687099035,2.17674279549484e-88,"NK","NK"
"ENSG00000064886","rs2252482",1,111759762,-0.626,"T",3.055e-103,"chr1:111223049:C:A:b38",6.37649468792448,2.21632328292622e-08,"NK","NK"
"ENSG00000075234","rs739165",22,46684528,-0.438,"T",9.69e-44,"chr22:46334589:T:A:b38",0.730144725032869,1.05161352815043e-05,"NK","NK"
"ENSG00000080573","rs34480538",19,10117242,0.39,"C",4.782e-33,"chr19:10006379:C:T:b38",0.0383139990638491,7.57438723316437e-41,"NK","NK"
"ENSG00000084072","rs12094291",1,40226046,-0.276,"A",3.099e-15,"chr1:39753393:C:T:b38",2.64733731283855,1.24114689654435e-05,"NK","NK"
"ENSG00000107317","rs2271869",9,139848273,0.403,"G",6.061e-36,"chr9:136969280:G:C:b38",0.408244300852055,4.27395684815493e-42,"NK","NK"
"ENSG00000108107","rs17700376",19,55897327,-0.827,"G",7.19e-241,"chr19:55385959:A:G:b38",0.573238728304195,0.000164030519017533,"NK","NK"
"ENSG00000110906","rs56406401",12,109900538,0.413,"C",5.625e-38,"chr12:109447424:C:T:b38",2.28482973066832,1.62102921610318e-08,"NK","NK"
"ENSG00000112139","rs9349050",6,37663624,-0.446,"C",2.591e-45,"chr6:37701906:A:G:b38",0.0376633468317594,2.39406818573891e-40,"NK","NK"
"ENSG00000130775","rs11247705",1,28212272,-0.673,"A",5.764e-125,"chr1:27926796:C:T:b38",0.349892226957476,1.44640925469722e-14,"NK","NK"
"ENSG00000134824","rs968567",11,61595564,0.501,"T",1.987e-59,"chr11:61850697:A:G:b38",5.43370317453618,1.55341143308376e-06,"NK","NK"
"ENSG00000136819","rs8113",9,132589606,-0.293,"C",1.146e-17,"chr9:129806893:A:G:b38",0.11167748829565,1.23043316859095e-05,"NK","NK"
"ENSG00000139187","rs12828013",12,9158317,-0.498,"T",2.874e-58,"chr12:9030804:T:C:b38",0.333728717583347,5.28740578238922e-13,"NK","NK"
"ENSG00000141002","rs2270460",16,89972416,0.572,"A",1.657e-80,"chr16:89874745:T:C:b38",2.069638883927,3.1140971430106e-05,"NK","NK"
"ENSG00000143185","rs141673522",1,168517508,-0.573,"T",7.619e-82,"chr1:168553875:G:A:b38",0.109862771553248,4.46565589842974e-38,"NK","NK"
"ENSG00000148019","rs10867165",9,80849929,-0.35,"G",4.327e-26,"chr9:78268797:G:C:b38",0.0807374810499967,3.70445445587981e-25,"NK","NK"
"ENSG00000153563","rs6547705",2,87044316,-0.338,"A",2.513e-24,"chr2:86800604:A:G:b38",0.00608428098804451,2.75347299929483e-08,"NK","NK"
"ENSG00000154027","rs12093881",1,77899640,0.703,"T",2.738e-140,"chr1:77433955:C:T:b38",5.41477989593033,1.37917080176307e-12,"NK","NK"
"ENSG00000159111","rs17774171",17,45907599,-0.392,"G",2.201e-34,"chr17:47811738:C:A:b38",0.492923251088179,1.36191164110375e-16,"NK","NK"
"ENSG00000160284","rs62215189",21,47603995,-0.355,"G",7.296e-28,"chr21:46179099:C:T:b38",0.108501549260579,1.98032918642117e-06,"NK","NK"
"ENSG00000160305","rs9306156",21,47960493,0.792,"C",4.847e-207,"chr21:46538046:T:C:b38",3.80336986328757,9.19702218737639e-50,"NK","NK"
"ENSG00000161381","rs36179135",17,37249939,0.56,"A",5.314e-79,"chr17:39096635:C:T:b38",8.99440581821232,7.43435066091397e-88,"NK","NK"
"ENSG00000162104","rs7204629",16,4110036,-0.307,"T",1.084e-19,"chr16:4056205:G:C:b38",0.377994749816234,4.71699876198295e-08,"NK","NK"
"ENSG00000164597","rs2520256",7,107162515,0.364,"T",9.577e-29,"chr7:107389994:G:A:b38",2.22995740734275,0.000147379252100478,"NK","NK"
"ENSG00000166979","rs9305503",21,33776646,-0.279,"A",1.769e-16,"chr21:32404482:A:G:b38",0.33685593280209,8.1485564352343e-05,"NK","NK"
"ENSG00000167633","rs56162245",19,55379326,-0.339,"T",5.731e-24,"chr19:54808591:C:T:b38",0.302994172132044,3.21771804406629e-07,"NK","NK"
"ENSG00000170298","rs4470200",17,20403618,-0.437,"A",5.705e-44,"chr17:20500169:A:C:b38",0.204601746108805,1.64367710859458e-28,"NK","NK"
"ENSG00000170486","rs672275",12,53025733,-0.253,"G",9.228e-13,"chr12:52630615:A:G:b38",0.083456956175859,1.92805305288118e-09,"NK","NK"
"ENSG00000170889","rs34629529",19,54701846,-0.627,"A",2.592e-102,"chr19:54666584:A:G:b38",0.309590970689757,4.56357150594795e-06,"NK","NK"
"ENSG00000172543","rs583887",11,65644027,0.592,"C",1.237e-89,"chr11:65882513:T:C:b38",2.12131113682943,6.7653554757445e-42,"NK","NK"
"ENSG00000173706","rs4368548",3,124727778,-0.295,"T",6.411e-18,"chr3:125008934:C:T:b38",0.520389607276471,6.12539250295301e-26,"NK","NK"
"ENSG00000173917","rs4793870",17,46581184,0.349,"C",1.784e-26,"chr17:48530455:C:T:b38",0.38254841103568,1.8876748768949e-10,"NK","NK"
"ENSG00000174652","rs10406056",19,9536418,0.269,"T",2.4e-14,"chr19:9423625:C:T:b38",2.24587743250918,2.94579724769631e-10,"NK","NK"
"ENSG00000176720","rs35717482",2,242510982,-0.35,"A",2.645e-26,"chr2:241571539:A:C:b38",0.105809656423517,2.23041013946626e-08,"NK","NK"
"ENSG00000177410","rs237714",20,47922900,0.282,"T",5.271e-16,"chr20:49299531:G:A:b38",0.56956795492966,5.9738897183614e-12,"NK","NK"
"ENSG00000184939","rs698718",16,68560185,0.311,"G",2.422e-20,"chr16:68573583:T:A:b38",3.28635534510616,4.03364659987088e-08,"NK","NK"
"ENSG00000185198","rs10412005",19,690639,0.461,"T",1.286e-48,"chr19:693454:C:T:b38",1.94270822161706,0.000164030519017533,"NK","NK"
"ENSG00000185201","rs1059091",11,309127,0.425,"G",1.59e-40,"chr11:386284:C:T:b38",3.73967470990443,2.86172069721586e-15,"NK","NK"
"ENSG00000185324","rs77651727",16,89708267,-0.269,"T",1.096e-14,"chr16:89785166:A:G:b38",0.0639272192469081,6.49250139139338e-24,"NK","NK"
"ENSG00000186470","rs67509210",6,26354100,-0.482,"T",2.881e-54,"chr6:26377157:C:G:b38",0.0582392397245052,1.48998910593239e-56,"NK","NK"
"ENSG00000186891","rs12036216",1,1153113,-0.313,"A",4.061e-20,"chr1:1217251:C:A:b38",0.24981364346365,1.31846672336781e-17,"NK","NK"
"ENSG00000189190","rs4802995",19,53284720,0.53,"G",1.449e-67,"chr19:52780882:C:T:b38",0.219735307869001,1.69040792712371e-20,"NK","NK"
"ENSG00000198756","rs4233115",1,183936470,0.446,"A",6.236e-45,"chr1:183967336:G:A:b38",9.23541276063455,1.44865495681477e-39,"NK","NK"
"ENSG00000198851","rs3759009",11,118173850,0.753,"A",8.84e-175,"chr11:118265445:G:A:b38",4.70822960942023,4.15551743738976e-14,"NK","NK"
"ENSG00000204475","rs986475",6,31556709,-0.32,"G",6.713e-22,"chr6:31574705:C:T:b38",0.352558574250412,3.17080037640789e-15,"NK","NK"
"ENSG00000258839","rs11645970",16,89958118,0.394,"A",2.899e-34,"chr16:89882625:T:C:b38",4.62400294015161,4.23449210649243e-40,"NK","NK"
"ENSG00000260708","rs12389",22,47158179,-0.334,"A",5.402e-24,"chr22:46740204:C:T:b38",0.402838316645203,3.03452957130923e-05,"NK","NK"
